,Date,Id,Text,Length,Likes,Retweets,Sentiment,Source
0,2020-03-02 07:57:11,1234387260516306944,"Sommer 2020
2020 Ïó¨Î¶Ñ
–õ–µ—Ç–æ 2020 https://t.co/A7BnCpGhFV",53,89679,19958,0,playVALORANT
1,2020-03-02 08:01:01,1234388225696948226,"Summer 2020
√ât√© 2020
Verano de 2020

https://t.co/88CuwZpBkl https://t.co/NhMFOFbceS",84,36545,7276,0,playVALORANT
2,2020-03-02 20:40:31,1234579361929428993,"Thank you to everyone who has expressed interest in VALORANT- every content creator, journalist, and future player‚Ä¶ https://t.co/ayIunAhKAT",139,31719,1312,0,playVALORANT
3,2020-03-02 20:43:24,1234580087887892480,"RT @famitsu: „ÄéLoL„Äè„ÅÆ„É©„Ç§„Ç¢„ÉÉ„Éà„Å´„Çà„ÇãÊñ∞‰ΩúFPS„ÄéVALORANT„ÄèÔºà„É¥„Ç°„É≠„É©„É≥„ÉàÔºâ„ÅåÊ≠£ÂºèÁô∫Ë°®ÔºÅ „Äé„Ç´„Ç¶„É≥„Çø„Éº„Çπ„Éà„É©„Ç§„ÇØ„ÄèÁ≥ª„ÅÆ„Çø„ÇØ„ÉÜ„Ç£„Ç´„É´FPS„Å®„Éí„Éº„É≠„Éº„Ç∑„É•„Éº„Çø„Éº„ÅÆË¶ÅÁ¥†„ÅåËûçÂêà #VALORANT #ProjectA
https://t.co/kd02Jlj1R‚Ä¶",140,0,4055,1,playVALORANT
4,2020-03-02 20:45:25,1234580595126108160,"RT @Polygon: For the past six years, Riot Games has been incubating a team-based tactical shooter called Valorant. This is the story of how‚Ä¶",140,0,424,-1,playVALORANT
5,2020-03-02 20:45:30,1234580615770464258,RT @gameinformer: We played Valorant! Check out our deep dive on the new hero-based tactical shooter from Riot Games https://t.co/rt335n7Nx‚Ä¶,140,0,269,1,playVALORANT
6,2020-03-02 20:45:42,1234580663229022209,RT @sonwooang: VALORANT! https://t.co/10qHh8zDb9,48,0,1140,0,playVALORANT
7,2020-03-02 21:17:45,1234588729576050689,"RT @start_uol: üí•Depois de algum tempo esperando, finalmente a @amandafleure pode contar TUDO sobre Valorant, o FPS da  @RiotGamesBrasil! üò±‚Ä¶",139,0,48,0,playVALORANT
8,2020-03-03 18:20:45,1234906576089014272,RT @GameStar_de: Preview: Valorant - Riots Taktik-Shooter will Counter-Strike den Rang ablaufen https://t.co/GSRZfaX3Ld https://t.co/LOLWb7‚Ä¶,140,0,69,0,playVALORANT
9,2020-03-03 18:32:52,1234909622638497793,RT @wandakunpls: first quick drawing of Jett from @PlayVALORANT ! #valorant https://t.co/9M1D5QrCqs,99,0,508,1,playVALORANT
10,2020-03-03 20:56:09,1234945682466717696,VALORANT's goal is to bring the world together in the spirit of competition and creative play but in current circum‚Ä¶ https://t.co/OSCfHDpJt2,140,31670,1728,1,playVALORANT
11,2020-03-04 18:28:18,1235270860845412353,RT @IGNPortugal: Isto √© tudo o que ter√£o √† vossa disposi√ß√£o! https://t.co/uXlDeVncow,84,0,49,0,playVALORANT
12,2020-03-04 18:28:44,1235270969897316352,"RT @Multiplayerit: Valorant √® lo sparatutto tattico free-to-play di Riot Games, conosciuto come Project A https://t.co/jGdm7121PL",129,0,36,1,playVALORANT
13,2020-03-05 17:27:30,1235617949270056965,"PHOENIX /// United Kingdom
""You already know the name""
#VALORANT https://t.co/ZVfw56TzHl",88,52457,8066,0,playVALORANT
14,2020-03-12 17:01:17,1238148065132982276,"VIPER /// United States
‚ÄúWelcome to my world!‚Äù
#VALORANT https://t.co/oDo8jEEDfK",80,36115,5538,1,playVALORANT
15,2020-03-19 17:00:20,1240684543499218945,"SOVA /// Russia
""Wherever they run, I will find them.""
#VALORANT https://t.co/PGVmZMXNLh",88,23260,3568,0,playVALORANT
16,2020-03-20 22:22:10,1241127923366744067,ICYMI: #Valorant to remove 'peeker's advantage'? https://t.co/JhC5xo0gUO,72,72,8,0,ValorantUpdates
17,2020-03-23 16:24:08,1242124983352152071,"Here's 4 things that you might have missed in #Valorant's Sova teaser trailer!

As if his Recon Bolt wasn't overpow‚Ä¶ https://t.co/PfhIgYLXxD",140,32,1,0,ValorantUpdates
18,2020-03-26 17:00:00,1243221172893949953,"üö® First look at SAGE in #VALORANT.

""Let them try to get through me"" https://t.co/wou8Bjf576",92,716,79,1,ValorantUpdates
19,2020-03-26 17:00:20,1243221256440369152,"SAGE /// China
""Let them try to get through me.""
#VALORANT https://t.co/zJMeaaUi2P",82,24464,3788,0,playVALORANT
20,2020-03-26 17:09:21,1243223529031634946,"Here's everything you need to know about SAGE in #VALORANT ‚¨áÔ∏è

https://t.co/j4SZRdojBg",86,36,3,0,ValorantUpdates
21,2020-03-26 18:19:21,1243241141589270528,"For those asking, the track is ‚ÄúStronger Than You Know‚Äù by Amanda Leigh Wilson and Stephen William Cornish.",107,1525,53,0,playVALORANT
22,2020-03-26 19:00:00,1243251371958132736,"Breakdown of SAGE gameplay in #VALORANT.

What do you think of her abilities? ü§î

Presented by @GFuelEnergy https://t.co/MhovuQ3bDh",130,60,7,0,ValorantUpdates
23,2020-03-26 22:07:42,1243298607370874880,Track: https://t.co/XXxELnaV0C,30,477,26,0,playVALORANT
24,2020-03-26 22:08:03,1243298698299191297,Track: https://t.co/OBb4QwvTeP,30,632,44,0,playVALORANT
25,2020-03-26 22:09:04,1243298952448847874,Track: https://t.co/6eOvgdiylj,30,740,35,0,playVALORANT
26,2020-03-30 12:46:40,1244606971371757571,Soon...üòÇ https://t.co/jD24gZCUBP,32,938,92,0,ValorantUpdates
27,2020-03-30 17:00:01,1244670730110935042,Closed beta begins April 7 with EU and NA. More regions to come as we deploy server infrastructure. Learn how to ge‚Ä¶ https://t.co/xubAlAhgFh,140,40964,7999,1,playVALORANT
28,2020-03-30 17:01:01,1244670981563531269,"üö® BREAKING: Riot have announced #Valorant‚Äôs closed beta!
- Release date
- Available regions
- Registration info üëá

https://t.co/k5xb1uPgMs",138,762,127,1,ValorantUpdates
29,2020-03-30 17:13:42,1244674174246719489,"Registration link, how to play, and more ‚¨áÔ∏è

https://t.co/8ef8v3bAbI",68,53,11,1,ValorantUpdates
30,2020-03-30 18:12:47,1244689040848257024,Everything you need to know about the Valorant beta üôå https://t.co/TIBwnq27OU,77,189,30,0,ValorantUpdates
31,2020-03-30 21:00:00,1244731123785183234,We're excited for you to join us on the road to Closed Beta and Worldwide Launch and flame jackets. Come say hi to‚Ä¶ https://t.co/ZOns6HbmQC,139,6145,462,1,playVALORANT
32,2020-03-31 11:35:55,1244951556102991872,"Streamers and pro players have now been hands-on with #VALORANT ‚Äì here's what they had to say after playing üôå

https://t.co/kxLC6VQ39p",134,119,12,0,ValorantUpdates
33,2020-03-31 21:46:47,1245105286001680385,"#VALORANT will apparently not have aim assist on controller, according to @summit1g üéÆ

Do you think this is the rig‚Ä¶ https://t.co/4jMicZ4BT9",140,802,64,-1,ValorantUpdates
34,2020-04-01 10:25:46,1245296291300638720,"#Valorant's closed beta will launch in five regions on April 7 üôå

How to get your code and more:‚Ä¶ https://t.co/CHmMEXd2Bl",121,215,19,1,ValorantUpdates
35,2020-04-01 23:02:59,1245486849617022977,Too bad this @drdisrespect #VALORANT skin turned out to be an April Fool's prank üòû https://t.co/fs6CZ4xWJd,106,371,22,-1,ValorantUpdates
36,2020-04-01 23:04:00,1245487105402437632,"@drdisrespect ""Sub to my channel and you'll get this skin day one!""

Here's how @DrDisrespect fooled everyone with‚Ä¶ https://t.co/jx9Ao18ZNy",139,50,1,0,ValorantUpdates
37,2020-04-02 10:37:39,1245661669549838336,Will Valorant take the spotlight from CSGO? ü§î https://t.co/x0vYzM8Orz,69,484,28,0,ValorantUpdates
38,2020-04-02 16:24:12,1245748880567918599,"Want your #VALORANT news in French or Spanish?

Follow our other language accounts for updates:

@ValorantESgame üá™üá∏‚Ä¶ https://t.co/AjLoznZhYl",140,43,3,-1,ValorantUpdates
39,2020-04-02 17:00:21,1245757979179311104,"JETT /// Korea
""Keep up.""
#VALORANT https://t.co/FCgfugNKR0",59,41680,7200,0,playVALORANT
40,2020-04-02 17:03:58,1245758887631912963,"üö® First look at Jett in #VALORANT

Anyone else maining this Agent in the beta? https://t.co/QjULkHadaJ",102,1189,166,1,ValorantUpdates
41,2020-04-02 17:06:58,1245759641595904000,"Everything you need to know about Jett in #VALORANT

- Abilities
- Lore
- Gameplay ‚¨áÔ∏è

https://t.co/rkM68vT0Ck",110,56,8,0,ValorantUpdates
42,2020-04-02 17:28:48,1245765137715220480,"RT @Twitch: Ready up, Agents. Twitch streamers will share their favorite @PlayVALORANT matches during the Twitch Rivals VALORANT Showcase.‚Ä¶",139,0,1101,1,playVALORANT
43,2020-04-02 18:07:34,1245774891816595457,"RT @ESPN_Esports: Jett might be the most high-skill hero in all of @PlayVALORANT.

@FionnOnFire talked to Riot to find out how they came up‚Ä¶",140,0,129,1,playVALORANT
44,2020-04-02 21:51:42,1245831299215941632,"Jett is the newest character revealed for #Valorant, and her abilities are a force to be reckoned with üí® https://t.co/YM2cvMCNnM",128,78,9,0,ValorantUpdates
45,2020-04-02 23:15:34,1245852402768433152,"The first-ever Twitch Rivals #VALORANT Showcase takes place tomorrow, featuring top streamers @timthetatman,‚Ä¶ https://t.co/CNsVB8GhIN",133,215,29,1,ValorantUpdates
46,2020-04-03 01:00:00,1245878684734480387,"#VALORANT game designer Bobby Prochnow teased that we could see an Agent with grapple-based abilities.

https://t.co/1KS8IhCSoR",127,71,7,-1,ValorantUpdates
47,2020-04-03 12:35:40,1246053754933256192,üó£ @shroud explains why #Valorant won't have a skin economy like CSGO. https://t.co/rrv7KLdocV,93,230,29,0,ValorantUpdates
48,2020-04-03 16:30:00,1246112726243348480,"üö® The EU half of the Twitch Rivals #VALORANT Showcase is about to kick off soon!

Watch live ‚¨áÔ∏è

https://t.co/cSsDvIyAKF",120,57,7,-1,ValorantUpdates
49,2020-04-03 16:46:27,1246116865035788289,Track: https://t.co/qMjBg0XWha,30,653,31,0,playVALORANT
50,2020-04-03 17:00:35,1246120423135350788,"CSGO ex-Pro @Maniac_CSGO plays @PlayVALORANT and provides first impressions and analysis.

üçø Watch now:‚Ä¶ https://t.co/ue9I0RjN5j",128,425,56,1,ValorantUpdates
51,2020-04-03 17:02:21,1246120870264705029,"RT @TwitchEsports: VALORANT makes its debut on Twitch Rivals! 

Tune in for a first look at gameplay and a shot at earning access to the @P‚Ä¶",140,0,373,1,playVALORANT
52,2020-04-03 17:03:33,1246121171453644800,"It's time to learn more about each of the characters in #VALORANT! 

First up - let's take a look at the abilities‚Ä¶ https://t.co/9ykRrMp34F",139,102,14,1,ValorantUpdates
53,2020-04-03 17:07:40,1246122205412499457,"Next up, we‚Äôre taking a deeper look at the Russian agent SOVA. 

Abilities include the Recon Bolt &amp; more.

See it i‚Ä¶ https://t.co/MW7Pnoc9sS",144,43,8,1,ValorantUpdates
54,2020-04-03 17:11:48,1246123245373394944,"Let's take a look at a brand new #VALORANT Character: Cypher! 

See what he can do in each match and learn the best‚Ä¶ https://t.co/FAx76yxXD8",140,55,13,1,ValorantUpdates
55,2020-04-03 17:14:22,1246123891686125568,"More info on our #VALORANT first impressions üëá

https://t.co/llirKH1uUr",71,22,5,1,ValorantUpdates
56,2020-04-03 17:18:00,1246124806073917440,"One of the first Agents for #VALORANT to be revealed, here's more gameplay and in-depth analysis of Phoenix from‚Ä¶ https://t.co/oEYZyt1svk",137,74,10,1,ValorantUpdates
57,2020-04-03 17:23:00,1246126064021065734,"New Agent Alert! üö® 

Learn about OMEN and what he's capable of in #VALORANT. @Maniac_CSGO https://t.co/ahFUY1z9OO",113,54,8,1,ValorantUpdates
58,2020-04-03 17:24:07,1246126345823727621,"RT @ESPN_Esports: ""Even with two maps and nine characters, I would be playing this game almost exclusively."" -- @darink was a big fan of wh‚Ä¶",140,0,116,-1,playVALORANT
59,2020-04-03 17:27:54,1246127300204208136,"@Maniac_CSGO Here's everything you need to know about Brimstone and his abilities in #VALORANT üëá

https://t.co/6eguj1CSv7",121,10,2,0,ValorantUpdates
60,2020-04-03 17:28:15,1246127385079975936,RT @pcgamer: Hands-on with Valorant: Riot's first FPS is more than a CS:GO clone https://t.co/HagsOzTVOk https://t.co/jCFwsSEPlS,128,0,263,1,playVALORANT
61,2020-04-03 17:29:07,1246127603532083202,"@Maniac_CSGO Here's everything you need to know about Sova and his abilities in #VALORANT üëá

https://t.co/jlKokTzptV",116,8,1,0,ValorantUpdates
62,2020-04-03 17:29:44,1246127759740538882,"More @PlayVALORANT Agent Intel coming your way...

Let's take a closer look at Viper - see his ability Toxic Screen‚Ä¶ https://t.co/KbWY6Mldve",140,57,6,1,ValorantUpdates
63,2020-04-03 17:31:00,1246128077656244225,"‚Ä¢ Aftershock 
‚Ä¢¬†Flashpoint
‚Ä¢ Fault Line
‚Ä¢ Rolling Thunder 

The abilities and first look at Breach Agent in‚Ä¶ https://t.co/E7cfM8mNU1",132,87,9,1,ValorantUpdates
64,2020-04-03 17:35:33,1246129224282288128,"RT @100Thieves: Agents, are you ready?

Here is everything you need to know about @PlayValorant: https://t.co/F9tYg03wa9",120,0,851,1,playVALORANT
65,2020-04-03 17:36:11,1246129383410225153,"@Maniac_CSGO Here's everything you need to know about Cypher and his abilities in #VALORANT üëá

https://t.co/UogtNkkmEF",118,11,3,0,ValorantUpdates
66,2020-04-03 17:38:05,1246129860956704768,"RT @JERICHO: Collaterals, clutches, and an ace. Here's some @PlayVALORANT gameplay for your eyeballs. I'm pretty confident this will be my‚Ä¶",139,0,217,1,playVALORANT
67,2020-04-03 17:42:29,1246130967988686848,"RT @FionnOnFire: THE RANKS OF @PlayVALORANT 

WHERE YOU GOING TO LAND? https://t.co/LJakVutvNz",94,0,1029,0,playVALORANT
68,2020-04-03 17:43:44,1246131282775547907,"#VALORANT has over 950,000 viewers on Twitch right now! üòÆ https://t.co/lDSMpPoFrl",81,468,36,1,ValorantUpdates
69,2020-04-03 17:47:43,1246132286128455680,"RT @valorantde: VALORANT Basics erkl√§rt von @TrilluXe aus der Sicht eines CSGO-Spielers üëá
https://t.co/QT2KLik66k",113,0,33,0,playVALORANT
70,2020-04-03 17:47:48,1246132307867598851,"@Maniac_CSGO Here's everything you need to know about Phoenix and his abilities in #VALORANT üëá

https://t.co/j3wzPlI6X1",119,16,4,0,ValorantUpdates
71,2020-04-03 17:49:50,1246132817454645248,The #VALORANT Ranks! https://t.co/Usblne3If5,44,5654,538,0,ValorantUpdates
72,2020-04-03 17:50:39,1246133022522515460,@TwitFacedaGram Yup!,20,46,1,0,ValorantUpdates
73,2020-04-03 17:52:16,1246133430133198848,"RT @DrLupo: Going over all characters in @PlayVALORANT and their abilities on stream right now.

https://t.co/P1bhPHU67P",120,0,34,1,playVALORANT
74,2020-04-03 17:55:06,1246134144712630272,"RT @Muit0z: NUEVO V√çDEO!!!

PRIMERAS IMPRESIONES VALORANT!!!! Espero que os guste y que os saque de dudas de lo que pod√©is encontrar en bre‚Ä¶",140,0,22,0,playVALORANT
75,2020-04-03 17:57:04,1246134637455261697,"RT @TwitchEsports: @PlayVALORANT Note: Only streams that have the ‚ÄúDrops enabled! Watch for a chance to earn loot‚Äù Icon and text  or the ""D‚Ä¶",140,0,166,0,playVALORANT
76,2020-04-03 18:01:51,1246135842625765377,"The only way to get @PlayVALORANT Beta Access is by watching Twitch streams with Drops Enabled! 

Ensure you see th‚Ä¶ https://t.co/0xEr8neEXv",140,111,12,0,ValorantUpdates
77,2020-04-03 18:03:30,1246136258054610947,@Swaguhsaurus Who are you gonna main?,37,115,1,1,playVALORANT
78,2020-04-03 18:07:41,1246137308631330817,@ThomBaum @riotgames !!! Can't wait to get you in game.,55,50,1,-1,playVALORANT
79,2020-04-03 18:09:24,1246137740120342528,@UCLASunny Welcome to the party.,32,33,0,1,playVALORANT
80,2020-04-03 18:14:04,1246138918430359557,@CouRageJD JACK WITH THE PLAY!,30,3636,39,0,playVALORANT
81,2020-04-03 18:17:37,1246139807912189952,"RT @ESPN_Esports: You wanted more @playVALORANT content, well that's just what your going to get!

Join @FionnOnFire, @A_Seagull, @TheMaelk‚Ä¶",140,0,85,1,playVALORANT
82,2020-04-03 18:27:12,1246142223164387330,"RT @CouRageJD: 1v5...
Save round...
They already planted bomb...

This is the most insane Valorant clutch ever... https://t.co/WdT7C8Ww9c",137,0,9203,-1,playVALORANT
83,2020-04-03 18:27:51,1246142387073634304,"@CouRageJD Done, but we will need to see proof of it printed out on your parents' fridge.",89,1039,7,0,playVALORANT
84,2020-04-03 18:41:18,1246145769205202945,"RT @VALORANTfr: Pour le cast fran√ßais üá´üá∑ du Twitch Rivals, vous pouvez allez sur :

‚û°Ô∏è https://t.co/r37D4C5rL5
ou 
‚û°Ô∏è https://t.co/juWVd4qu‚Ä¶",140,0,31,0,playVALORANT
85,2020-04-03 18:49:04,1246147724254130176,"RT @Cybersportpl: - ≈öwietny design, znakomita mechanika strzelania, serwery 128 tickrate, specjalnie opracowany w≈Çasny system anti-cheat or‚Ä¶",140,0,25,0,playVALORANT
86,2020-04-03 19:00:00,1246150474815832066,"üö® The NA half of the Twitch Rivals #VALORANT Showcase is starting soon, featuring @timthetatman, @DrLupo, @cloakzy,‚Ä¶ https://t.co/2lJ3mBxikB",140,56,7,-1,ValorantUpdates
87,2020-04-03 19:03:21,1246151320337145857,@Poach üòÆüòÆüòÆ,10,1258,8,0,playVALORANT
88,2020-04-03 19:13:23,1246153845962469376,"RT @unlostv: VALORANT - T√ºm Karakter, Silah ve Yetenekler Rehberi 
22 Saat Uƒüra≈ütƒ±m, Efsane bir rehber oldu.
Vƒ∞DEOYU ƒ∞ZLE ‚û§‚û§ https://t.co/8‚Ä¶",140,0,44,0,playVALORANT
89,2020-04-03 19:20:00,1246155508152664066,"First look at all of #VALORANT's ranks and badges for competitive play ‚ú®

https://t.co/OwpmR728gP",97,123,9,1,ValorantUpdates
90,2020-04-03 19:24:03,1246156526470828032,@Mendo CLEANüëå,13,1069,14,1,playVALORANT
91,2020-04-03 19:36:31,1246159666725388291,Great clutch play from @timthetatman in #VALORANT üî• https://t.co/KGcZfyoGRS,75,292,25,1,ValorantUpdates
92,2020-04-03 20:02:08,1246166113601220608,"@OneHandFPS Yes, you are able to rebind abilities to whatever works best for you.",81,176,5,1,playVALORANT
93,2020-04-03 20:03:35,1246166477742301184,@OneHandFPS Yep!,16,23,1,0,playVALORANT
94,2020-04-03 21:08:56,1246182923751108609,"Spray Pattern Comparions between @PlayVALORANT and CSGO 

(via @100Thieves) 

https://t.co/vgIUEr0ZLv",101,838,111,0,ValorantUpdates
95,2020-04-03 21:18:55,1246185434335543299,"An insane 1v5 clutch from @CouRageJD! üò≤ 

https://t.co/hQ18YqwxGH",65,630,113,-1,ValorantUpdates
96,2020-04-03 21:52:25,1246193866576760832,@twinklykay @1Li_CS You are correct - watching more streams at once does not increase your chances of getting a drop!,117,97,10,1,playVALORANT
97,2020-04-03 21:52:46,1246193955173052416,"@Frexs @DrasseL There's still time! And if you don't snag one today, you'll get another chance on Tuesday.",106,564,13,0,playVALORANT
98,2020-04-03 21:53:30,1246194138594209793,"@wolfprime1 @Twitch @timthetatman Good luck! If you don't snag one today, you'll have another chance on Tuesday.",112,59,2,1,playVALORANT
99,2020-04-03 21:54:34,1246194408673796096,"RT @TwitchEsports: Sizzling with a 1v2 clutch! @stormentv

#TwitchRivals #VALORANT https://t.co/uVUdDkJ4ze",106,0,72,0,playVALORANT
100,2020-04-03 21:57:55,1246195250458066944,@patsrule755 That's it! Now all that's left to do is download and play on Tuesday.,82,135,4,0,playVALORANT
101,2020-04-03 21:59:06,1246195547989348353,"@SamitoFPS @JoystickOW @Kephrii If it doesn't happen today, you have another chance on April 7!",95,83,5,0,playVALORANT
102,2020-04-03 22:50:01,1246208362166898688,"ü§î @xQc explains why #VALORANT's graphics are actually a big ""upside"" over Overwatch. https://t.co/zHrJgByfsa",108,294,30,0,ValorantUpdates
103,2020-04-03 22:51:52,1246208828590321664,"xQc also revealed why he thinks #VALORANT will benefit players.

https://t.co/mdMUJ74xH4",88,47,1,0,ValorantUpdates
104,2020-04-03 23:02:07,1246211407336497153,"RT @DrLupo: Tonight at 9 PM Central, I'll be joined on stream by @RiotSuperCakes and @RiotZiegler to for a live, on-stream Q&amp;A about @PlayV‚Ä¶",144,0,89,1,playVALORANT
105,2020-04-03 23:03:35,1246211774065467392,Check out the stream at 9 PM Central to hear more from the devs. Come with all your burning questions! https://t.co/NdXlU5CKKf,126,2667,131,1,playVALORANT
106,2020-04-03 23:09:03,1246213152577994754,@uhhslyyy @DrLupo @RiotSuperCakes @RiotZiegler 9 PM Central = 3 AM UK,69,98,1,0,playVALORANT
107,2020-04-03 23:37:54,1246220409973772289,@lilMycTu Watching multiple streams at once doesn't increase your chance of getting a drop! You're okay. And if you‚Ä¶ https://t.co/s1T8TOW9mI,140,1571,122,1,playVALORANT
108,2020-04-03 23:38:53,1246220660663144448,"@Sneegsnag If you don't have time today, you can try on Tuesday, April 7!",73,87,1,0,playVALORANT
109,2020-04-03 23:43:48,1246221895571103744,@mfam_tiggg We're here to stay!,31,528,4,0,playVALORANT
110,2020-04-04 00:05:52,1246227450180390912,"Here's everything you need to know about #VALORANT before playing the Closed Beta.

- How to play
- All Agents and‚Ä¶ https://t.co/YhCUsBCsnv",139,159,25,-1,ValorantUpdates
111,2020-04-04 01:33:00,1246249376630128642,"Ult ace with Brimstone! What a play, @BrenCasts üî• 

https://t.co/kUtzwzjS52",75,265,30,0,ValorantUpdates
112,2020-04-04 12:08:18,1246409257978863617,Pheonix was made perfectly for @summit1g in #VALORANT üî• https://t.co/lZ3nKzTkjg,79,712,87,1,ValorantUpdates
113,2020-04-04 13:00:00,1246422267170521089,"Hoping to play #VALORANT on console?

Riot lead designer says they're ""open to exploring new opportunities for othe‚Ä¶ https://t.co/f2x3vOlJoR",140,207,23,1,ValorantUpdates
114,2020-04-04 15:51:50,1246465510612623360,"The most OVERPOWERED VALORANT Agent?
 
Analysis by former CSGO Pro  @Maniac_CSGO 

üçø Watch now:‚Ä¶ https://t.co/YIaKnNG6vS",120,294,27,1,ValorantUpdates
115,2020-04-04 16:11:11,1246470381264871427,"@PlayVALORANT @Maniac_CSGO Here's everything you need to know about Viper and her abilities in #VALORANT üëá

https://t.co/nzZRgdnFvU",131,27,3,0,ValorantUpdates
116,2020-04-05 15:14:37,1246818532979023873,"@Maniac_CSGO Here's everything you need to know to play Breach like a pro when the #VALORANT beta drops üëá

https://t.co/0jbciLr7Ge",130,32,2,0,ValorantUpdates
117,2020-04-05 16:00:38,1246830114454802440,"Destroying with TELEPORTATION in @PlayVALORANT.

Analysis and gameplay by former CSGO Pro @Maniac_CSGO.

üçø Watch no‚Ä¶ https://t.co/W6qm1mLe0z",140,174,19,-1,ValorantUpdates
118,2020-04-05 16:43:08,1246840808294227969,"LEAK: Data miners have uncovered new content in the #VALORANT game files, including an unannounced Agent called ""Ra‚Ä¶ https://t.co/Tier49feMU",140,165,12,-1,ValorantUpdates
119,2020-04-05 16:44:15,1246841087391653888,"More leaks from #VALORANT data miners reveal first look at lots of weapons skins, variants and 'bundles' ‚¨áÔ∏è

https://t.co/fAEced9dgu",132,46,3,1,ValorantUpdates
120,2020-04-05 16:45:32,1246841413783949313,"#VALORANT Battle pass progression and rewards system also revealed by data miners: 

https://t.co/Nv5whxC3IC",108,39,3,0,ValorantUpdates
121,2020-04-05 18:59:42,1246875175171149824,RT @LOLiTOFDEZ: Aqui va uno. https://t.co/FbLeuD4mO8,52,0,403,0,playVALORANT
122,2020-04-05 20:59:22,1246905291075137537,RT @DrLupo: Interview with with @RiotSuperCakes and @RiotZiegler where they kindly answer all our questions about @PlayVALORANT is live now‚Ä¶,140,0,88,1,playVALORANT
123,2020-04-05 23:24:28,1246941806216056837,"RT @ValorantUpdates: Destroying with TELEPORTATION in @PlayVALORANT.

Analysis and gameplay by former CSGO Pro @Maniac_CSGO.

üçø Watch now:‚Ä¶",139,0,19,-1,ValorantUpdates
124,2020-04-06 10:51:17,1247114649016971264,A word of #VALORANT advice from a Riot brand manager! https://t.co/cUc9oleZu6,77,123,16,0,ValorantUpdates
125,2020-04-06 12:00:00,1247131942178283521,24 hours to go till the #VALORANT Closed Beta begins https://t.co/28H0wopEF4,76,2880,277,-1,ValorantUpdates
126,2020-04-06 14:10:12,1247164709884678158,"""I think it‚Äôs very similar, but CS is very distracting.""

Shroud explains why #VALORANT ""seems easier"" than CSGO ü§î https://t.co/2E3Qyb1n5b",138,191,18,1,ValorantUpdates
127,2020-04-06 14:45:01,1247173471421050880,@SMage74 do it.,15,6,0,0,ValorantUpdates
128,2020-04-06 17:00:00,1247207442032680963,"Though the times are uncertain, the VALORANT team is optimistic about getting VALORANT and its closed beta to as ma‚Ä¶ https://t.co/bFD8Vmf7IZ",140,12207,1400,-1,playVALORANT
129,2020-04-06 17:02:39,1247208106649702401,"We're taking a deeper look at Jett, the agile Duelist Agent in #VALORANT!

Abilities include Blade Storm, Tailwind,‚Ä¶ https://t.co/JX8E9dTQED",140,54,5,1,ValorantUpdates
130,2020-04-06 17:03:50,1247208406148091906,"@Maniac_CSGO Everything you need to know about Jett and the best ways to use her abilities in #VALORANT üëá

https://t.co/NwktO3jf1m",130,30,0,1,ValorantUpdates
131,2020-04-06 17:11:30,1247210336157085697,"A new Dev Diaries Episode for #VALORANT is here!

Executive Producer @RiotSuperCakes breaks down how the team plans‚Ä¶ https://t.co/XrXVkkrBVJ",140,183,11,-1,ValorantUpdates
132,2020-04-06 18:34:11,1247231141406560258,@FitpatrickDylan Valorant is only on PC.,40,59,3,0,ValorantUpdates
133,2020-04-06 18:34:19,1247231177380986882,@iiamaymen Valorant is not available on mobile.,47,2,0,-1,ValorantUpdates
134,2020-04-06 18:34:31,1247231227503017984,@PrebenGutt No open beta has been announced right now!,54,2,0,1,ValorantUpdates
135,2020-04-06 18:34:48,1247231299460440067,@TheDemonicious There is no beta key or beta email. You should have access via your Riot account if you received access on Twitch.,130,11,0,0,ValorantUpdates
136,2020-04-06 20:50:21,1247265408492531712,"""It doesn't interest me at all to watch it.""

@drdisrespect explains why he'd rather play #VALORANT than watch it üßê https://t.co/HI3atAzV2e",139,202,10,0,ValorantUpdates
137,2020-04-06 20:53:17,1247266149961568256,"Dr Disrespect also said that he thinks it'll be fun to play.

https://t.co/mU2CrZ9q1a",85,36,0,1,ValorantUpdates
138,2020-04-06 21:51:27,1247280786442579968,"RT @Twitch: Watch the Twitch Rivals VALORANT Showcase for another opportunity to earn a Twitch Drop into the @PlayVALORANT
 closed beta.‚Ä¶",137,0,258,-1,playVALORANT
139,2020-04-06 22:58:36,1247297684895121408,"A guide to every WEAPON in @PlayVALORANT.

üçø Watch now: https://t.co/6QS4gk0qIq https://t.co/7Lwl9oRJzq",103,690,68,0,ValorantUpdates
140,2020-04-07 00:00:00,1247313137201627136,12 hours to go till the #VALORANT Closed Beta begins https://t.co/o27BFqIKVK,76,1094,92,-1,ValorantUpdates
141,2020-04-07 04:15:56,1247377545449934850,Countdown is on. Less than 8 hours till the #VALORANT Closed Beta begins.,73,992,65,-1,ValorantUpdates
142,2020-04-07 10:57:42,1247478652675272705,Today... https://t.co/XdZHvwDVWy,32,1339,211,0,ValorantUpdates
143,2020-04-07 12:02:42,1247495009324146689,"It‚Äôs time for EU/NA.

Make a Riot Games account, link your Twitch account, and start watching VALORANT streams.‚Ä¶ https://t.co/UAtPFNLR2h",136,25832,3190,0,playVALORANT
144,2020-04-07 12:08:15,1247496406564253696,üö®The #VALORANT closed beta is LIVE! https://t.co/qqmK8KVl9n,59,463,38,1,ValorantUpdates
145,2020-04-07 12:15:27,1247498218847358977,"Having issues with your account, getting into the game, or game performance? Reach out to @RiotSupport",102,2644,69,-1,playVALORANT
146,2020-04-07 12:17:52,1247498825293578240,1 Million Twitch viewers already for the #VALORANT closed beta! https://t.co/uPMr0atPKf,87,924,69,-1,ValorantUpdates
147,2020-04-07 12:24:24,1247500473172713473,Breaking: First look at unannounced agent Raze in #VALORANT via @timthetatman https://t.co/CA4l52rrGl,101,221,21,1,ValorantUpdates
148,2020-04-07 12:38:37,1247504047868764160,"Seeing an issue with number of logins on a specific service, and that's causing errors down the line (particularly‚Ä¶ https://t.co/SkSqdtjIM6",139,18709,753,1,playVALORANT
149,2020-04-07 12:43:04,1247505169388052482,@PlayVALORANT https://t.co/7XKvYOOdYO,37,2884,311,0,ValorantUpdates
150,2020-04-07 13:05:02,1247510698432909313,"For everyone asking how drops work for the #VALORANT closed beta, here's a quick guide:

https://t.co/8ef8v3tbAi",112,103,9,1,ValorantUpdates
151,2020-04-07 13:37:03,1247518752507187200,"RT @plVALORANT: Precyzja. Szybko≈õƒá. Skuteczno≈õƒá. Niesamowity pokaz umiejƒôtno≈õci w VALORANT! Zapraszamy do obejrzenia kr√≥tkiego materia≈Çu, g‚Ä¶",140,0,16,0,playVALORANT
152,2020-04-07 13:38:04,1247519008900825088,"RT @Fragstube: Es ist so weit!
@valorantde Beta-Key drops sind live!
#VALORANTbeta #VALORANT #ValorantGame #cuestionarioproust

HIERüëâ https‚Ä¶",140,0,10,1,playVALORANT
153,2020-04-07 13:38:09,1247519032372113408,"RT @Goorgo: VALORANT EN DIRECTO - DROPS ACIVADOS

(parece ser que necesitamos 2 m√°s para buscar en grupo, qui√©n se viene)

https://t.co/e4D‚Ä¶",140,0,17,0,playVALORANT
154,2020-04-07 13:38:33,1247519130510450689,"RT @MoraisGaming: VALORANT! DROPS ENABLED! Espero que todos consigam jogar! Amo-vos ***

https://t.co/Mkx5Vm1I6a",112,0,18,0,playVALORANT
155,2020-04-07 14:14:44,1247528236180860936,"It's time to become an expert with the weapons in #VALORANT.

Our first deep dive explains how to use SMGs and Shot‚Ä¶ https://t.co/XO4ogYkENA",140,180,11,1,ValorantUpdates
156,2020-04-07 14:22:11,1247530114671243266,"We're still working on a fix. You may see some errors or delays when trying to log in, join parties, invite to part‚Ä¶ https://t.co/5f6YfABMnK",140,3085,134,0,playVALORANT
157,2020-04-07 14:26:49,1247531280570281984,Riot Games is working on the connectivity issues that many users are experiencing. Stay tuned for updates! https://t.co/w020pc2v7U,130,97,2,1,ValorantUpdates
158,2020-04-07 14:45:00,1247535853485936640,"Our next weapon deep dive explains how to become a sniper expert in #VALORANT.

One shot, one kill ‚Äì if you can hit‚Ä¶ https://t.co/xJDQaOmtNn",140,118,6,0,ValorantUpdates
159,2020-04-07 15:05:49,1247541095229083652,We're deploying fixes that should clear up a lot of the problems you may have getting into games. You might still h‚Ä¶ https://t.co/UAa2PTSQiz,140,2768,105,1,playVALORANT
160,2020-04-07 15:30:00,1247547180509990913,"The next #VALORANT weapons guide shows how to be deadly on an eco round, with only your trusty sidearm!

Full video‚Ä¶ https://t.co/MgjibKAXTK",140,106,6,-1,ValorantUpdates
161,2020-04-07 15:33:05,1247547954660954113,We've temporarily paused dropping Closed Beta access while we triage server issues. You'll still be eligible as you‚Ä¶ https://t.co/RGboGA9BuE,140,25946,2280,-1,playVALORANT
162,2020-04-07 16:00:01,1247554732727533570,"Our final #VALORANT weapons guide will make you a master with Rifles!

One tap your way to victory üëÄ

Full video:‚Ä¶ https://t.co/2bV52lUrD9",138,95,6,1,ValorantUpdates
163,2020-04-07 16:03:58,1247555725288779782,"Riot have temporarily paused drops for #VALORANT Closed Beta access. 

You will still be eligible by watching strea‚Ä¶ https://t.co/yLyYIlgNMd",140,233,14,-1,ValorantUpdates
164,2020-04-07 16:06:43,1247556419873689600,"RT @BlackEspanolito: 4K con el nuevo personaje, me encanta üòç https://t.co/nFjRxhBsP6",84,0,88,0,playVALORANT
165,2020-04-07 16:18:25,1247559363130208257,"Why CSGO players will DOMINATE VALORANT.

üçø Watch now: https://t.co/zxx7wtQf76 https://t.co/Xv5C0fiacd",102,323,33,0,ValorantUpdates
166,2020-04-07 16:24:21,1247560855157383168,Gameplay and analysis by former CSGO Pro @Maniac_CSGO,53,39,0,0,ValorantUpdates
167,2020-04-07 16:30:00,1247562279211667456,üî• @xQc with the elite #VALORANT movement. https://t.co/f66HnhQacb,65,1363,190,0,ValorantUpdates
168,2020-04-07 16:45:00,1247566052482879488,"The Twitch Rivals #VALORANT event gets starts now!

Streams, teams, and everything else you need to know ‚¨áÔ∏è

https://t.co/nC96W7Fvxf",132,62,2,0,ValorantUpdates
169,2020-04-07 16:45:52,1247566270217596928,"We've deployed a fix that should, well, fix the error 43 problems. For those of you in, let us know (sorry for thos‚Ä¶ https://t.co/RcqLErSQ5h",140,16990,886,-1,playVALORANT
170,2020-04-07 16:51:00,1247567562658975749,. @CourageJD continues with the insane clutches üòÆ https://t.co/IzetiEWXCh,73,164,15,-1,ValorantUpdates
171,2020-04-07 16:59:19,1247569656056909824,"Looks like the fix worked. We're going to slowly ramp drops back up on streams, get it!",87,10528,676,-1,playVALORANT
172,2020-04-07 16:59:24,1247569679343734784,"RT @PlayVALORANT: Looks like the fix worked. We're going to slowly ramp drops back up on streams, get it!",105,0,676,-1,playVALORANT
173,2020-04-07 17:00:01,1247569831848706050,Stop that @drdisrespect!  ü§Ø https://t.co/s1cVcTIXMZ,51,544,59,0,ValorantUpdates
174,2020-04-07 17:07:40,1247571756170108929,"RT @TwitchEsports: Twitch Rivals‚Äô @PlayVALORANT Showdown is live!

Twitch streamers try out the new Agent and Map, as we celebrate the star‚Ä¶",140,0,102,1,playVALORANT
175,2020-04-07 17:12:58,1247573089853902849,@EJarvis4200 You're looking for streams with the Drops Enabled tag! Here's what it should look like: https://t.co/l6lw7pNm1K,124,315,17,0,playVALORANT
176,2020-04-07 17:34:03,1247578396722262017,"RT @TwitchEsports: Meet the teams battling in today's EMEA Twitch Rivals @PlayVALORANT Showdown! 

Every streamer participating has Twitch‚Ä¶",139,0,116,0,playVALORANT
177,2020-04-07 18:00:00,1247584928079826947,"More @PlayVALORANT Agent Intel...

Let's take a closer look at Sage - see her abilities in action and why she is‚Ä¶ https://t.co/MM3dCZ1I00",137,119,10,1,ValorantUpdates
178,2020-04-07 18:00:40,1247585097076916225,"@PlayVALORANT @Maniac_CSGO Full in-depth guide to playing Sage: 

https://t.co/2IYcVONeWw",89,43,5,1,ValorantUpdates
179,2020-04-07 18:17:17,1247589278911057923,"RT @TwitchEsports: A 4K from @just9n and he's just getting warmed up!

#TwitchRivals #VALORANT https://t.co/FSu6Y4NSEF",118,0,123,0,playVALORANT
180,2020-04-07 18:50:25,1247597617128734721,RT @IbaiLlanos: Soy jugador profesional de Valorant https://t.co/u3cka7ajPR,75,0,4445,0,playVALORANT
181,2020-04-07 18:51:48,1247597964412866560,"RT @TwitchEsports: Flawless! @thaldrinlol

#TwitchRivals #VALORANT https://t.co/ZVLQI8kYso",90,0,99,1,playVALORANT
182,2020-04-07 21:17:34,1247634646113734657,"RT @TwitchEsports: Too clean in the final! @pmleek

#TwitchRivals #VALORANT https://t.co/W2fELuhacZ",99,0,97,1,playVALORANT
183,2020-04-07 21:25:50,1247636725846818816,"RT @TwitchEsports: First EMEA VALORANT Champions!

Team Gotaga are Twitch Rivals @PlayVALORANT Showdown Champs.

Congrats @Gotaga @Mickalow‚Ä¶",140,0,457,1,playVALORANT
184,2020-04-07 22:05:19,1247646664166277120,"RT @VALORANTBrasil: Entrem j√° no estilo de VALORANT com esses wallpapers que separamos para voc√™s! 

Em nosso grupo oficial no Facebook, te‚Ä¶",140,0,266,0,playVALORANT
185,2020-04-07 22:26:31,1247651997324472320,"RT @TwitchEsports: NA‚Äôs taking over to find out who rocks in @PlayVALORANT!

Watch the Twitch Rivals central hub or any participant‚Äôs Twitc‚Ä¶",140,0,34,0,playVALORANT
186,2020-04-07 22:26:42,1247652044418076673,RT @Gotaga: PTDRR ON EST CHAMPIONS D‚ÄôEUROPE DE TWITCH DE FRANCE DES PILIERS !!! https://t.co/x37MVQrWmQ,103,0,725,0,playVALORANT
187,2020-04-07 22:54:05,1247658938033528833,RT @Polygon: Just jumping into Valorant? Here‚Äôs a beginner‚Äôs guide to help with some early wins https://t.co/SJxY0quZAx https://t.co/2A9WJ8‚Ä¶,140,0,82,1,playVALORANT
188,2020-04-07 22:54:16,1247658983923433473,RT @LuluLuvely: Little ace during Twitch Rivals üòé @PlayVALORANT https://t.co/vL1h7abUMC,87,0,414,-1,playVALORANT
189,2020-04-07 23:06:24,1247662036051349505,RT @Dhalucard: Valorant Trick Shots - Da seh ich mich :P - https://t.co/U5XGQUCwfy @valorantde,94,0,59,0,playVALORANT
190,2020-04-07 23:06:31,1247662066304868352,"RT @IGNPortugal: üî¥ LIVE NOW com VALORANT! Temos Twitch Drops ativos no nosso canal! 
Aparece para te habilitares a receber acesso √† Closed‚Ä¶",139,0,23,1,playVALORANT
191,2020-04-07 23:35:01,1247669237763715073,"RT @ValorantUpdates: Why CSGO players will DOMINATE VALORANT.

üçø Watch now: https://t.co/zxx7wtQf76 https://t.co/Xv5C0fiacd",123,0,33,0,ValorantUpdates
192,2020-04-07 23:40:57,1247670729769811968,"RT @TwitchEsports: Watch out or Raze's Blast Pack will leave you dizzy. @dizzy 

#TwitchRivals #VALORANT https://t.co/qg0i5ywrMC",128,0,201,0,playVALORANT
193,2020-04-07 23:50:54,1247673236864634880,There are some Riot-wide server/login issues impacting all games. We're working on a fix now.,93,17674,671,-1,playVALORANT
194,2020-04-08 00:09:41,1247677961739710464,"RT @RiotZiegler: To dispel confusion, there will be more drops continuing throughout the week (and likely beyond) Also the amount of drops‚Ä¶",139,0,1170,1,playVALORANT
195,2020-04-08 00:12:22,1247678637383401472,Riot's game has since jumped up to over 1.6 million viewers! üí™ https://t.co/wD757P8G67,86,228,12,-1,ValorantUpdates
196,2020-04-08 00:13:21,1247678885145133056,"#VALORANT helped smash a Twitch record with insane viewer numbers on its closed beta launch day! üìà

https://t.co/zTytLDvnkl",123,98,11,-1,ValorantUpdates
197,2020-04-08 00:26:40,1247682234561093632,#VALORANT players are reporting disconnect and login issues. Keep up to date with all Riot Games status updates her‚Ä¶ https://t.co/eGnzRprFZ9,140,114,8,0,ValorantUpdates
198,2020-04-08 00:35:22,1247684423933284352,RT @ESPN_Esports: It‚Äôs safe to say @PlayVALORANT has taken the internet by storm. Here are some of the best clips and what we‚Äôve overheard‚Ä¶,139,0,188,1,playVALORANT
199,2020-04-08 02:19:07,1247710532871827456,"Day 1 of Closed Beta has been incredible but humbling as we scale our servers. For now, we have to pause stream dro‚Ä¶ https://t.co/pdM6iKyajx",140,39584,2183,1,playVALORANT
200,2020-04-08 02:21:20,1247711094493392903,Riot says that Closed Beta access from streams are now disabled until tomorrow morning as they work to adjust serve‚Ä¶ https://t.co/6dAVucvrKR,140,280,23,-1,ValorantUpdates
201,2020-04-08 11:35:47,1247850623367815168,Change my mind üëÄ https://t.co/fckkdqZyeI,40,4326,327,0,ValorantUpdates
202,2020-04-08 12:35:00,1247865526056939521,"We have no words @Ska... ü§Ø

#VALORANT https://t.co/cqy5jWSDGL",61,566,53,0,ValorantUpdates
203,2020-04-08 15:32:21,1247910156773490688,"üö® #VALORANT Closed Beta Twitch drops are enabled again!

Now's your chance üëÄ https://t.co/Wk82rkCFy2",100,802,87,-1,ValorantUpdates
204,2020-04-08 15:37:31,1247911456882020352,"Follow these steps to get access to the #VALORANT closed beta üëá

https://t.co/8ef8v3tbAi",88,86,5,-1,ValorantUpdates
205,2020-04-08 15:42:36,1247912736509566979,"Happy Birthday @timthetatman! 

Looking forward to seeing more #VALORANT plays like this üëÄ https://t.co/USMPCu8IFY",114,282,18,1,ValorantUpdates
206,2020-04-08 16:51:04,1247929968912486401,Headshot machine @ScreaM_ üòé https://t.co/lEUkPNtuZH,51,385,37,0,ValorantUpdates
207,2020-04-08 16:52:41,1247930373192941570,"@ScreaM_ The CS:GO pro is already pulling off some crazy plays in #VALORANT

https://t.co/DgwPZVuPCa",100,68,3,-1,ValorantUpdates
208,2020-04-08 17:16:28,1247936362373713920,We're inviting more people into the EU/NA Closed Beta via Twitch drops today. We are also going to follow up as soo‚Ä¶ https://t.co/CJxjNFuEHB,140,29182,1925,1,playVALORANT
209,2020-04-08 17:31:22,1247940109187547136,"World's worst #VALORANT knife fight üòÇ

üé¨: @AwakerDegree https://t.co/u5MuD4p9Ke",79,241,23,-1,ValorantUpdates
210,2020-04-08 17:34:31,1247940903991259136,"RT @ESPN_Esports: Looking to learn more about @playVALORANT?

Join @FionnonFire today for a special interview with the lead developers @Rio‚Ä¶",140,0,91,1,playVALORANT
211,2020-04-08 18:27:47,1247954306973630466,Day 1 of Closed Beta was a learning experience. @RiotSuperCakes and @RiotZiegler are here to update you on yesterda‚Ä¶ https://t.co/lbjE4yiy8n,140,9386,1015,-1,playVALORANT
212,2020-04-08 21:29:19,1247999993790652416,"Before today, the best VALORANT players also happened to work on our team. Let's see how our devs fare against some‚Ä¶ https://t.co/CCkaH8OAmv",140,15864,743,1,playVALORANT
213,2020-04-08 21:29:43,1248000094697222144,We'll also have @GoldenboyFTW and @RivingtonThe3rd shoutcasting the matches on their streams @‚Ä¶ https://t.co/LlPMQXs96x,119,1767,53,0,playVALORANT
214,2020-04-08 22:15:10,1248011530622255104,"Step up your VALORANT content creation abilities with stream overlays, character and concept art to help you craft‚Ä¶ https://t.co/H0nbGdXvHA",139,7007,672,0,playVALORANT
215,2020-04-08 22:18:27,1248012358578028547,"Tonight at 7PM Pacific: 

It‚Äôs Content Creators (@shroud, @summit1g, @Ska, @Dizzy, &amp; @fl0mtv) vs. the Riot Games de‚Ä¶ https://t.co/67M0xkcNiL",144,151,13,0,ValorantUpdates
216,2020-04-08 22:33:47,1248016216435896322,ü§Ø @drdisrespect already hitting no-look shots in #VALORANT https://t.co/ens8QWCth4,82,1198,163,0,ValorantUpdates
217,2020-04-09 00:25:26,1248044314661281794,"Riot Games have revealed more agents and maps will be added to #VALORANT for its release. 

https://t.co/ghDQI5DSo6",115,163,14,1,ValorantUpdates
218,2020-04-09 00:38:42,1248047652500992002,We've banned a pile of VALORANT closed beta account sellers and botters to free up more entitlements. Tracking more‚Ä¶ https://t.co/cbBOtfGo0Y,140,66314,4890,1,playVALORANT
219,2020-04-09 00:39:14,1248047785053540353,@Drenit_tv @RiotSupport should be able to help with that!,57,59,2,1,playVALORANT
220,2020-04-09 02:02:47,1248068813456683008,Tonight the VALORANT devs take on @summit1g @shroud @Ska @dizzy and @fl0mtv. Who will emerge victorious? Watch NOW‚Ä¶ https://t.co/sHSVDt8oj5,139,3686,179,0,playVALORANT
221,2020-04-09 05:19:32,1248118324325527554,"""The whole character needs to be deleted.""

@summit1g isn't a big fan of explosive new #VALORANT agent Raze at all,‚Ä¶ https://t.co/KiAplMFdvL",140,587,39,1,ValorantUpdates
222,2020-04-09 05:23:35,1248119345261109248,"@summit1g Rockets, explosions, and more ‚Äì here's why the Twitch star wants her gone üëá

https://t.co/Nw1sQ1gqm7",110,64,4,1,ValorantUpdates
223,2020-04-09 09:30:00,1248181356808601600,"""Riot has put their best foot forward""

Esports veteran @RLewisReports gives his review of #VALORANT so far:

https://t.co/0TdFDT153i",133,88,5,1,ValorantUpdates
224,2020-04-09 11:06:52,1248205736968179712,"PSA: Don't buy a #VALORANT beta account.

Riot are clamping down on account sellers üëá https://t.co/uPZHVsLNHi",109,372,28,-1,ValorantUpdates
225,2020-04-09 11:40:00,1248214072543211520,"Here's what happened when Riot developers took on @shroud, @summit1g, @dizzy, @ska and @fl0mtv in a #VALORANT showm‚Ä¶ https://t.co/rmdCohEW7b",140,96,8,0,ValorantUpdates
226,2020-04-09 13:42:18,1248244850488512512,"Fastest Ace ever üòÖ#VALORANT

üé¨: u/struguar https://t.co/1zoWpwp78r",66,661,63,0,ValorantUpdates
227,2020-04-09 14:00:01,1248249309012701184,"Still waiting on a #VALORANT beta drop?

Riot have confirmed more drops are coming, how long you should watch strea‚Ä¶ https://t.co/lkGie14unF",140,97,12,1,ValorantUpdates
228,2020-04-09 14:30:00,1248256855383502848,"#VALORANT Character design lead @RiotMorello has confirmed potential nerfs are ""on the table"" for Raze.

Is Raze to‚Ä¶ https://t.co/aIiRPZRsC8",140,330,23,1,ValorantUpdates
229,2020-04-09 17:01:43,1248295035726168064,"CYPHER /// Morocco
‚ÄúI know exactly where you are.‚Äù
#VALORANT https://t.co/yvSJ9hI4Yn",84,18629,1924,1,playVALORANT
230,2020-04-09 17:06:27,1248296229441810432,"The official reveal video for Cypher Agent is here! 

Take look at his abilities. #VALORANT https://t.co/CtcrlWhTKN",115,306,29,0,ValorantUpdates
231,2020-04-09 17:39:34,1248304561795657729,"RT @Rubiu5: 1, 2, 3 https://t.co/aZNnEn3OVX",43,0,5181,0,playVALORANT
232,2020-04-09 18:22:12,1248315292498808832,RT @Kotaku: Valorant's mix of hardcore action and magical powers kicks ass: https://t.co/9eq90PW2pi https://t.co/TUPssh2QZs,123,0,78,1,playVALORANT
233,2020-04-09 18:48:03,1248321796631232513,"Learn how to bunny-hop in #VALORANT üêá

https://t.co/NjpFKm31o6",62,215,19,0,ValorantUpdates
234,2020-04-09 19:31:42,1248332782809411584,"RT @arkem: Well it sucks, but today we had to ban our first cheater (and it looks like more bans are on the horizon).

I was hoping for a l‚Ä¶",140,0,1061,1,playVALORANT
235,2020-04-09 20:12:18,1248342998892425217,"RT @anninosj: @PlayVALORANT fanart! Raze was an instant favorite, and I‚Äôve been watching her gameplay stop https://t.co/6Wh9X2bikz",130,0,214,1,playVALORANT
236,2020-04-09 20:41:14,1248350278165745664,RT @Mixwell: Lo siento @TheGrefg üòÇ https://t.co/NmXqa6Jgfc,58,0,524,0,playVALORANT
237,2020-04-09 20:43:13,1248350778659504129,"Track is ""Be Confused"" by Mehdi Hanoun.",39,1102,25,-1,playVALORANT
238,2020-04-09 20:45:51,1248351442647134208,"Track is ""Dies Irae (feat. Black Prez)"" by Apashe.",50,1581,52,-1,playVALORANT
239,2020-04-09 20:47:20,1248351815650795520,"RT @FionnOnFire: I interviewed the @PlayVALORANT developers yesterday on:

- Beta drops
- How long the beta is going to go for
- Ranked
- M‚Ä¶",140,0,296,-1,playVALORANT
240,2020-04-09 22:00:41,1248370275588030464,"RT @gameinformer: Check out @dantack's first impressions of Riot's new shooter, Valorant. https://t.co/KrFfoxOEef https://t.co/BEEd2JHPEq",137,0,57,1,playVALORANT
241,2020-04-09 22:03:18,1248370931803631616,"RT @VALORANTBrasil: ""Quer poder de fogo? X√° comigo.""

Raze √© a Agente brasileira em #VALORANT!üáßüá∑

A personagem estar√° dispon√≠vel no Beta Fe‚Ä¶",140,0,461,0,playVALORANT
242,2020-04-09 22:23:43,1248376069792522241,"RT @GameSpot: Valorant is the hot new shooter, and we can see why.

Our impressions: https://t.co/3XCoGTDec1 https://t.co/LyOD3P3Lpl",132,0,201,1,playVALORANT
243,2020-04-10 06:31:47,1248498896570945541,"Bad news ‚Äì #VALORANT hackers are finally here üëÄ

üé¨: @phantasyftw https://t.co/eqr1qAQdiM",88,724,87,-1,ValorantUpdates
244,2020-04-10 15:30:27,1248634457483030529,"""She just needs a couple tweaks, I think, she's not that bad.""

Shroud explains why #Valorant's Raze isn't as overp‚Ä¶ https://t.co/7spdCR2jyv",140,548,42,-1,ValorantUpdates
245,2020-04-10 15:31:16,1248634662857179141,"Everything the former CSGO pro had to say about Valorant's explosive character üëá

https://t.co/gpxLlFXlDi",105,73,1,0,ValorantUpdates
246,2020-04-10 19:33:00,1248695494882332675,How to bunny-hop in #Valorant to avoid enemy abilities üëá https://t.co/yvU3Fee7ac,80,255,31,0,ValorantUpdates
247,2020-04-10 23:19:14,1248752431032348672,"How's this for an overpowered Viper strat in #VALORANT ü§Ø

(Credit: u/thelordofhell34) https://t.co/gQZB2z40va",109,1181,135,0,ValorantUpdates
248,2020-04-10 23:19:57,1248752611676819464,"Here's a step-by-step guide on how to accurately pull off this overpowered Viper technique in #VALORANT üëá

You can‚Ä¶ https://t.co/rLik8qsEn6",139,139,9,1,ValorantUpdates
249,2020-04-11 01:51:20,1248790707990454272,"One week in. A couple notes as we get into the weekend. 

1. Drops are running 24/7. If you've watched a lot... tak‚Ä¶ https://t.co/BTqJcUHRwm",140,42644,3336,0,playVALORANT
250,2020-04-11 08:56:03,1248897590474805248,"He wasn't expecting that ü§Ø #VALORANT

üé¨: @JhbTeam https://t.co/B839WUUaZl",73,2679,371,0,ValorantUpdates
251,2020-04-11 09:38:22,1248908237686087680,"Riot have confirmed a 'Rated' mode will be coming to the #VALORANT beta in a ""couple of weeks.""

More info:‚Ä¶ https://t.co/CTyk0NBaun",132,13264,1995,1,ValorantUpdates
252,2020-04-11 13:40:26,1248969157179310080,Don't challenge @s1mpleO in #VALORANT üò§ https://t.co/351EcbSxZC,63,742,74,0,ValorantUpdates
253,2020-04-11 14:54:10,1248987712314642433,"RT @ValorantUpdates: He wasn't expecting that ü§Ø #VALORANT

üé¨: @JhbTeam https://t.co/B839WUUaZl",94,0,371,0,ValorantUpdates
254,2020-04-11 16:25:00,1249010570856144898,Looks like Ranked could be coming to #VALORANT soon üëÄ https://t.co/JqhngXCoUt,77,593,60,0,ValorantUpdates
255,2020-04-11 17:50:31,1249032091834167296,"Speech: 10/10

Gameplay: 0/10

üé¨: @TSM_Myth https://t.co/EfqhpXtnna",67,1398,179,0,ValorantUpdates
256,2020-04-12 01:22:04,1249145728712282114,‚ÄúYou can disregard most things in Overwatch and still do extremely well and be a top player; in this game you canno‚Ä¶ https://t.co/2aseJmvLmY,140,305,39,1,ValorantUpdates
257,2020-04-12 12:38:41,1249316003651162112,"Raze isn't OP üåö

üé¨: @NebelNiek | #VALORANT https://t.co/LLBQoOSrgB",66,1682,201,0,ValorantUpdates
258,2020-04-12 16:35:47,1249375673027887112,"""I just need 2 bullets"" - @LIRIK 

#VALORANT https://t.co/CwCUVWDIRA",68,1133,57,0,ValorantUpdates
259,2020-04-12 18:35:17,1249405747089281028,What‚Äôs your favorite Agent in #VALORANT?,40,4084,78,1,ValorantUpdates
260,2020-04-12 20:53:05,1249440426408529922,"A #VALORANT dataminer has leaked the game's fourth map, called Ascent, which features a distinct Italian/Venetian t‚Ä¶ https://t.co/RkS7NIxL0o",140,652,91,-1,ValorantUpdates
261,2020-04-13 10:27:39,1249645417027047425,"#VALORANT's anti-cheat lead has responded to claims that the system is too ""invasive"" on players' PCs.

""This is go‚Ä¶ https://t.co/9lB6mr44hK",140,312,31,0,ValorantUpdates
262,2020-04-13 12:10:00,1249671173694160897,"""She's easy for all players""

Shroud and Summit clash over #VALORANT's ""overpowered"" Raze üò≥ https://t.co/b7KU7MJwa6",115,812,55,1,ValorantUpdates
263,2020-04-13 12:11:39,1249671591862173697,"The streamers went toe-to-toe over the controversial Agent üëá

https://t.co/28Dz6DKUxg",85,88,4,1,ValorantUpdates
264,2020-04-13 17:01:22,1249744498239787008,"VALORANT‚Äôs technical director, Dave Heironymus, and technical engineering lead, David Straily, know the pain of bad‚Ä¶ https://t.co/ArPIfNXvnB",140,7440,537,-1,playVALORANT
265,2020-04-13 17:11:07,1249746954311159817,"Riot Games has released a new Dev Diaries video going in depth on the servers and net code of VALORANT.

Watch the‚Ä¶ https://t.co/3R0O9ZPUEJ",139,244,14,1,ValorantUpdates
266,2020-04-13 21:10:25,1249807173187538944,"A new #VALORANT video from Riot shows the new Ascent map!

Here‚Äôs what the latest video confirms about the previous‚Ä¶ https://t.co/V1ghOy9zDv",140,302,39,1,ValorantUpdates
267,2020-04-14 02:17:45,1249884518376341504,"On April 15, EU servers are going offline for 2 hours to patch some audio bugs and map exploits - queues will 'free‚Ä¶ https://t.co/rwo9lSm5Em",140,12438,633,1,playVALORANT
268,2020-04-14 03:41:02,1249905475698728961,EU servers will be going offline for a couple of hours overnight to deploy a new match for the game. https://t.co/v7CLhGY8tp,124,297,15,-1,ValorantUpdates
269,2020-04-14 12:34:21,1250039689324589056,"Greatest 1v5 ever üò§

üé¨: @JERICHO | #VALORANT https://t.co/N3UfL6R7JZ",68,1924,207,1,ValorantUpdates
270,2020-04-14 16:36:56,1250100740154163200,Are these crazy angles in #VALORANT unfair? https://t.co/BNq4OiJWU6,67,298,36,-1,ValorantUpdates
271,2020-04-14 17:00:01,1250106546203299842,"üö® @100Thieves #VALORANT Invitational tournament is LIVE!

Streams, teams, and more: https://t.co/Y7t52sIcUn https://t.co/W0d5j5SJIM",131,192,16,1,ValorantUpdates
272,2020-04-14 17:08:31,1250108686741024773,RT @RiotCareers: Security has been a priority for @PlayVALORANT from the beginning of development. Anti-cheat lead @arkem walks us through‚Ä¶,139,0,195,0,playVALORANT
273,2020-04-14 17:39:33,1250116494912077830,"#VALORANT dev says Raze isn't OP... immediately regrets it üòÇ

üé¨: @pwnjabbi https://t.co/nizRVe0bJn",98,546,52,-1,ValorantUpdates
274,2020-04-14 18:00:00,1250121645068398593,"When a CSGO pro plays #VALORANT...

The 200iQ strats from @EliGE üß† https://t.co/oGKCryl6Ka",90,369,21,0,ValorantUpdates
275,2020-04-14 18:39:36,1250131608679485440,"RT @samred: Our previous Valorant game coverage has been met with questions about its ""Vanguard"" anti-cheat system, and its kernel-level ho‚Ä¶",140,0,164,-1,playVALORANT
276,2020-04-14 20:13:42,1250155288688242689,"The @100Thieves VALORANT Tournament continues! 

See the latest bracket

Watch the streams: https://t.co/Y7t52sIcUn https://t.co/ucBhCn3tPN",139,150,9,1,ValorantUpdates
277,2020-04-14 22:07:58,1250184046086205440,".@RiotSuperCakes and @RiotZiegler share a small update on how you can get Closed Beta access, new streamers, and ke‚Ä¶ https://t.co/J0RxdcCp6N",140,5675,635,-1,playVALORANT
278,2020-04-14 22:10:09,1250184596131635202,"Riot has now confirmed that ALL Twitch streamer playing VALORANT can now drop Closed Beta access. 

The amount of a‚Ä¶ https://t.co/fMEocIjKtp",140,13772,1539,1,ValorantUpdates
279,2020-04-14 22:22:09,1250187616382849025,Riot Games has also confirmed they are working hard to increase server capacity to bring more players online + more‚Ä¶ https://t.co/rOFLRjQlyQ,140,845,86,1,ValorantUpdates
280,2020-04-15 01:31:19,1250235221024231424,"Contents of tonight's EU hotfix (coming to NA tomorrow):
- Cypher's camera made less lethal under certain... circum‚Ä¶ https://t.co/eXgOosQ34e",140,12566,707,1,playVALORANT
281,2020-04-15 01:31:33,1250235278368722945,"For NA servers, we'll be going forward with this patch tomorrow (April 15). At 4:30am PT, queues will 'freeze,' the‚Ä¶ https://t.co/EKEyQTLWsv",140,3189,134,0,playVALORANT
282,2020-04-15 02:24:54,1250248706969833473,"New #VALORANT hotfix confirmed! Cypher Spycam exploit and other issues have been patched. Full details ‚¨áÔ∏è

https://t.co/E5ksXjN8YH",130,324,33,1,ValorantUpdates
283,2020-04-15 11:02:06,1250378861533159424,Watching streamers playing Valorant and waiting for them to drop Beta access... https://t.co/hpAZwMMboe,103,810,61,0,ValorantUpdates
284,2020-04-15 11:55:42,1250392351471742976,"NA #VALORANT players: queues are now frozen, servers going down at 6AM PT.

Servers will be back up at 8AM PT.

Her‚Ä¶ https://t.co/l0khD3n8GX",140,139,11,-1,ValorantUpdates
285,2020-04-15 12:00:00,1250393435564982273,"üèÜ @AZKcs_ wins the 100T Invitational with a nasty 1v4!

üé¨ @brax1wnl | #VALORANT https://t.co/9gjRk7k5OG",103,667,65,-1,ValorantUpdates
286,2020-04-15 15:18:33,1250443398688821255,"Riot Games has announced their initial vision for VALORANT esports: 

‚Ä¢ It will not mirror League of Legends 
‚Ä¢¬†Loo‚Ä¶ https://t.co/vXum6468kE",140,5955,535,0,ValorantUpdates
287,2020-04-15 15:20:44,1250443952081317889,"Riot has established standards for tournament organizations to have events, featuring 3 tiers: 

‚Ä¢ Small: Community‚Ä¶ https://t.co/vi3X6gFfdL",140,1372,114,-1,ValorantUpdates
288,2020-04-15 15:21:39,1250444178775052288,"Riot is looking setting up their own league; for now, will lean on community for events.

""Our primary focus early‚Ä¶ https://t.co/QgT1RaE0cD",139,1119,76,1,ValorantUpdates
289,2020-04-15 17:00:15,1250468996433899520,"We know VALORANT has the makings of a global esport, but want to make sure we're building it right - and together.‚Ä¶ https://t.co/QX6CscBLGh",139,11035,1017,1,playVALORANT
290,2020-04-15 17:09:46,1250471390546776064,We are aware of website issues. We're working on it and will have the article up soon!,86,2504,42,1,playVALORANT
291,2020-04-15 17:16:40,1250473125432696836,Satisfying pistol ace from @TSM_Myth üî• #VALORANT https://t.co/7kVZgh9ZVo,72,414,29,1,ValorantUpdates
292,2020-04-15 17:45:00,1250480254809862144,"More news on #VALORANT esports:

Riot wants to build an esport worthy of ""lifelong attention and interest"" with thr‚Ä¶ https://t.co/FSBtjmDCB8",140,618,81,1,ValorantUpdates
293,2020-04-15 18:30:00,1250491580001259521,"Elite Raze movement for the ace üí£

üé¨: @acesu | #VALORANT https://t.co/xL43NlAF3C",80,351,27,0,ValorantUpdates
294,2020-04-15 19:32:25,1250507287166439424,"How do all of #VALORANT's Agents stack up? We've ranked every character from best to worst!

Who've you got in your‚Ä¶ https://t.co/a9XePlw0Vq",140,242,24,0,ValorantUpdates
295,2020-04-15 20:19:16,1250519079946866689,@DacinRudolph @RiotMagus @RiotSupport might be able to help with that.,70,92,0,1,playVALORANT
296,2020-04-15 20:37:32,1250523674060500992,"Starting your streaming career with VALORANT? 

Get official stream overlays and more: https://t.co/enaJCHTaVh https://t.co/eNxfRWDevq",134,637,87,1,ValorantUpdates
297,2020-04-15 23:10:00,1250562046875144192,RT @RiotMorello: Hello friends! I'll be joining @A_Seagull tonight at around 5:30 to play some VALORANT and answer some design questions! C‚Ä¶,140,0,40,0,playVALORANT
298,2020-04-16 15:12:51,1250804355453849600,CS:GO pro @Mixwell was kicked for cheating in #VALORANT after he plugged his phone in... https://t.co/6fp5z0EqcG,112,1879,162,0,ValorantUpdates
299,2020-04-16 15:15:44,1250805078228971520,"@Mixwell Mixwell has reached out to Riot to unlock his account after this anti-cheat error ‚ùå

https://t.co/WpmQBJd6lF",117,236,12,0,ValorantUpdates
300,2020-04-16 17:00:25,1250831425378623492,"BRIMSTONE /// United States
‚ÄúPay attention. Might learn something.‚Äù
#VALORANT https://t.co/n0gy0OrIj3",101,10554,849,0,playVALORANT
301,2020-04-16 17:13:48,1250834792062636034,"The official reveal video for Brimstone is here!

#VALORANT https://t.co/LktsufWc37",83,386,21,0,ValorantUpdates
302,2020-04-16 22:56:28,1250921025216360453,"Riot havce confirmed that Rated (ranked) playlist is definitely coming to the #VALORANT Closed Beta, once major exp‚Ä¶ https://t.co/5ym15AIF41",140,2526,408,1,ValorantUpdates
303,2020-04-16 23:01:10,1250922208941268992,@SteveMarmaras ü§¶‚Äç‚ôÇÔ∏è,19,25,0,0,ValorantUpdates
304,2020-04-16 23:30:00,1250929465645023233,NEWS: #VALORANT does not have an exact release date yet - Riot aim to address all major issues before the full game‚Ä¶ https://t.co/z4V1tkfMlD,140,254,15,1,ValorantUpdates
305,2020-04-17 14:30:00,1251155957209542656,"#VALORANT beta drops are now available on any stream playing the game, as Riot reveal next three regions to gain ac‚Ä¶ https://t.co/1dr0RSmKJ3",140,194,22,0,ValorantUpdates
306,2020-04-17 16:55:55,1251192678487818243,"When you're up against the Avengers...

credit: u/loserwithacomputer69 https://t.co/LmK5xQqC8d",94,12949,2907,0,ValorantUpdates
307,2020-04-17 17:53:36,1251207195959517184,Track is ‚ÄúRebel Spirit‚Äù by Sound Breakers.,42,881,22,1,playVALORANT
308,2020-04-17 18:00:01,1251208810791759872,"üö® The Code Green #VALORANT Tournament featuring:
@summit1g, @TSM_Myth, @xQc, and many more is now LIVE! 

See how t‚Ä¶ https://t.co/xWz8iTIcKr",140,63,6,1,ValorantUpdates
309,2020-04-17 20:06:45,1251240705982230528,"RT @riotgames: Over the last week, we've noticed a lot of conversation about Vanguard and its kernel mode driver. Our privacy and security‚Ä¶",139,0,484,0,playVALORANT
310,2020-04-17 20:12:37,1251242179101515776,RT @valorantru: –ü–æ–æ–±—â–∞—Ç—å—Å—è —Å Riot Dantesushka –∏ –∑–∞–¥–∞—Ç—å –≤–æ–ø—Ä–æ—Å—ã –ø—Ä–æ VALORANT –º–æ–∂–Ω–æ –ø—Ä—è–º–æ —Å–µ–π—á–∞—Å –Ω–∞ –∫–∞–Ω–∞–ª–µ GameLife! –ü—Ä–∏—Å–æ–µ–¥–∏–Ω—è–π—Ç–µ—Å—å üëâüèª https‚Ä¶,140,0,20,0,playVALORANT
311,2020-04-18 09:30:00,1251442847540080641,"Riot has explained how the Vanguard anti-cheat works, and why it runs from start up on your PC.

Full post:‚Ä¶ https://t.co/7aWGpsgTLT",132,331,33,1,ValorantUpdates
312,2020-04-18 10:23:49,1251456394135572487,"Shroud's ranking of #VALORANT Agents for competitive:

1. Cypher
2. Sage
3. Sova
4. Brimstone
5. Phoenix
6. Breach‚Ä¶ https://t.co/9nQ1hNMJI9",139,482,54,0,ValorantUpdates
313,2020-04-18 13:07:48,1251497661913608192,"In their battle to stop cheaters, Riot Games are offering up to $100,000 if you can expose flaws in #VALORANT anti-‚Ä¶ https://t.co/N8FFdkSz44",140,1132,179,0,ValorantUpdates
314,2020-04-18 15:47:32,1251537857099030536,We've all been there @pokimanelol üôà https://t.co/1UHoPgAIxm,59,1239,86,0,ValorantUpdates
315,2020-04-18 22:57:29,1251646060562276352,"RT @ESPN_Esports: 8 teams of pros. 7 different game titles. Welcome to the most ambitious crossover in esports history. 

CS:GO
Fortnite
Lo‚Ä¶",140,0,1096,1,playVALORANT
316,2020-04-18 23:23:50,1251652688095268864,RT @JacobWolf: I'm so excited to be commentating this in my first return to casting since 2015! I've been playing a ton of VALORANT and I l‚Ä¶,140,0,68,1,playVALORANT
317,2020-04-19 03:05:10,1251708390608273410,RT @ESPN_Esports: It looks like Xmithie and Doublelift are reuniting... but not where you think. Welcome Team Rift to the ESPN Esports @pla‚Ä¶,140,0,153,1,playVALORANT
318,2020-04-19 11:19:42,1251832844135075840,üî• @s1mpleO with the Operator! #VALORANT https://t.co/93ifghssPa,63,762,62,0,ValorantUpdates
319,2020-04-19 15:14:51,1251892020500709376,Think you could help Riot stop #VALORANT cheaters? There's big bucks on offer üí∞ https://t.co/IrrS5wAyM2,103,253,24,0,ValorantUpdates
320,2020-04-20 10:15:21,1252179036132069377,Summit1g explains why Sage is the most overpowered Agent in #VALORANT https://t.co/pGgJGLQe1L,93,938,92,1,ValorantUpdates
321,2020-04-20 10:16:26,1252179308023611397,"Here's why she's even stronger than Raze üëá

https://t.co/d9UUX939Vr",67,79,8,0,ValorantUpdates
322,2020-04-20 14:03:11,1252236372166897664,"""Sova will never be good unless your whole team is on the same page...""

Shroud explains why Sova will never be‚Ä¶ https://t.co/8DabErecf7",136,210,17,1,ValorantUpdates
323,2020-04-20 16:25:37,1252272215942283264,RT @PapayouFR: Viper fanart is coming :) https://t.co/YJQ0U812E2,64,0,412,0,playVALORANT
324,2020-04-20 17:00:01,1252280874768519169,Designing a competitive game with the right balance of tactical abilities vs. gunplay is more art than science. Hea‚Ä¶ https://t.co/WlkjeylXuR,140,3136,251,1,playVALORANT
325,2020-04-20 18:37:58,1252305522948141056,"RT @duetlol: jett kitty, she prolly has the funniest lines in the game (imo) https://t.co/NYzosf0g0Z",100,0,1053,-1,playVALORANT
326,2020-04-20 21:13:07,1252344567807930378,"RT @ESPN_Esports: We are about to go live with Day 1 of the ESPN Esports @PlayVALORANT Invitational!

3:30 p.m. ET | 12:30 p.m. PT | https:‚Ä¶",140,0,123,1,playVALORANT
327,2020-04-20 22:04:44,1252357557584146435,‚ÄúWe want to take an approach where we‚Äôre not knee-jerk reacting to whatever we see on a forum or social platform.‚Äù‚Ä¶ https://t.co/CHwjeq9jvc,139,127,12,1,ValorantUpdates
328,2020-04-20 22:06:00,1252357877169192960,üó£ Summit1g explains why Sage is actually #VALORANT's most powerful agent! https://t.co/c0UYua72oq,97,106,7,1,ValorantUpdates
329,2020-04-20 23:21:50,1252376963471171584,"RT @ESPN_Esports: WE ARE BACK, and Team Mirage isn't taking Team Heroes lightly as @AZKcs_ takes down 4.

üì∫: https://t.co/tkRMYxQlY0 https:‚Ä¶",140,0,87,1,playVALORANT
330,2020-04-20 23:30:39,1252379179019976704,@whoisnjoy Sorry to hear that - seems like an error. @RiotSupport might be able to help!,88,365,2,0,playVALORANT
331,2020-04-20 23:42:29,1252382157244260355,"Riot Games hint that #VALORANT could be released on consoles and mobile devices in the future as they ""explore othe‚Ä¶ https://t.co/FJKRmBQdGf",140,562,80,0,ValorantUpdates
332,2020-04-21 11:57:23,1252567102650802179,.@s1mpleO tries out Valorant ü§£ https://t.co/lH8Gy04Rj4,54,1147,112,-1,ValorantUpdates
333,2020-04-21 15:00:00,1252613058888904709,"Brax schooling us on entry fragging üî•

üé¨ @brax1wnl | #VALORANT https://t.co/61mvcSnQ4J",86,737,44,0,ValorantUpdates
334,2020-04-21 16:35:00,1252636966094467072,"Riot has pledged to fix the game-breaking #VALORANT Operator skin glitch which allows you see around your sight.

M‚Ä¶ https://t.co/87pyvj81SV",140,210,11,-1,ValorantUpdates
335,2020-04-21 17:08:15,1252645335119171584,"As CB continues, we're trying for weekly updates on topics we're seeing all around the world. First up,‚Ä¶ https://t.co/m1dJ8uDVm7",128,3307,269,1,playVALORANT
336,2020-04-21 17:48:57,1252655576045121537,"#VALORANT April 21 patch finally nerfs Raze, buffs Sage, and includes other substantial changes.

Full patch notes‚Ä¶ https://t.co/w0prLOJISi",139,1108,209,1,ValorantUpdates
337,2020-04-21 18:59:43,1252673384917250048,"To patch, we'll be taking EU matchmaking down on April 22 (local time) at 3:30AM CEST, then turning off servers - t‚Ä¶ https://t.co/oEV3D1fU5N",140,5376,374,-1,playVALORANT
338,2020-04-21 19:00:13,1252673513158303745,Want to see specific details of the patch? Read about them here: https://t.co/S0LK9XJjdd,88,1799,240,0,playVALORANT
339,2020-04-21 21:00:08,1252703689069879296,EU VALORANT servers are having issues with game starts and character selects. We're rebooting a number of services‚Ä¶ https://t.co/7vCNu6J3Hf,139,5662,234,-1,playVALORANT
340,2020-04-21 22:22:25,1252724398764613632,"#VALORANT devs gave more background on today‚Äôs huge Raze nerfs.

Full story here:

https://t.co/QfFNQ0Upej",106,150,19,1,ValorantUpdates
341,2020-04-21 23:27:55,1252740879938273280,"RT @ESPN_Esports: The Devs are able to bounce back against Team Llama and take a convincing 13-5 game.

Group B is heating up after 4 match‚Ä¶",140,0,27,1,playVALORANT
342,2020-04-21 23:28:04,1252740918739779585,RT @VALORANTBrasil: As cosplayers argentinas @PeytonCosplay e @GloryLamothe est√£o preparad√≠ssimas para dominar em VALORANT com seus cosplay‚Ä¶,140,0,418,0,playVALORANT
343,2020-04-21 23:28:39,1252741066983223296,RT @dizzy: Keep up. https://t.co/heMs0JW0ud,43,0,4220,0,playVALORANT
344,2020-04-22 10:45:03,1252911289258606592,Call of Duty and Halo Champ @Enable with the #VALORANT Ace! https://t.co/M8kkq0K57q,83,412,19,0,ValorantUpdates
345,2020-04-22 11:35:00,1252923856597237761,"The Phantom's spraying prowess makes it better than the Vandal in #VALORANT, according to shroud.

Which do you pre‚Ä¶ https://t.co/une5chANXv",140,229,14,1,ValorantUpdates
346,2020-04-22 16:55:40,1253004557925273602,RT @RiotZiegler: One additional update on the patch coming in: has a fix for the ping spam issue. &lt;3.,104,0,103,0,playVALORANT
347,2020-04-22 19:34:53,1253044624278589442,Could the Phantom really be the best rifle in #VALORANT? ü§î https://t.co/eg649iIgUm,82,180,8,1,ValorantUpdates
348,2020-04-22 20:18:17,1253055546162208771,"RT @ESPN_Esports: Championship Wednesday? CHAMPIONSHIP WEDNESDAY!

The ESPN Esports @playVALORANT Invitational playoffs kicks off today at‚Ä¶",139,0,36,0,playVALORANT
349,2020-04-22 20:18:21,1253055563581161473,"RT @ESPN_Esports: We're about to get started with the first semifinal match of the ESPN Esports @PlayVALORANT Invitational!

Who will come‚Ä¶",139,0,41,1,playVALORANT
350,2020-04-22 21:54:31,1253079765700894720,"RT @ESPN_Esports: Our second semifinals match between Team Dev and Team Mirage will be held on Haven.

The match is starting now!
üì∫: https:‚Ä¶",140,0,34,0,playVALORANT
351,2020-04-22 22:49:34,1253093619776532482,"Looks like Cypher's Spycam has a huge exploit in #VALORANT üì∏

Credit: TheNeoStrike via Reddit https://t.co/lJvm95XQwi",117,1075,104,1,ValorantUpdates
352,2020-04-22 22:50:59,1253093975059165184,More details about this game-breaking exploit with Cypher's Spycam that's giving players a huge advantage in‚Ä¶ https://t.co/iBPGxJth4W,133,53,2,1,ValorantUpdates
353,2020-04-23 00:35:43,1253120332220645376,"RT @ESPN_Esports: A massive clutch from @Mendo secures a Game 2 victory for Team Canyon.

We're headed into our last match of the ESPN Espo‚Ä¶",140,0,121,-1,playVALORANT
354,2020-04-23 11:12:19,1253280535755075586,"Does #VALORANT‚Äôs aiming system make it too easy to get kills?

üéû: @summit1g https://t.co/yJ64nOSFb3",99,786,59,1,ValorantUpdates
355,2020-04-23 11:14:49,1253281166968401920,"@summit1g The Twitch star broke down why the game's current state doesn't punish mistakes ‚¨áÔ∏è

https://t.co/jzS0nbLX51",117,87,5,-1,ValorantUpdates
356,2020-04-23 13:12:00,1253310655307763713,"A #VALORANT dataminer has revealed an updated set of ranks coming to the game!

Where do you think you'll place?‚Ä¶ https://t.co/qtGT19MS9o",137,1276,180,-1,ValorantUpdates
357,2020-04-23 17:00:27,1253368147610144768,"OMEN /// UNKNOWN
‚ÄúYou thought you were safe‚Äù
#VALORANT https://t.co/sCosoDqe02",78,13258,1299,1,playVALORANT
358,2020-04-23 17:11:35,1253370951477100544,"The official reveal video of OMEN is now live! 

Have you tried out this Agent yet? #VALORANT https://t.co/1pGrdWXqc6",117,291,21,1,ValorantUpdates
359,2020-04-23 17:13:47,1253371502537441280,"Here‚Äôs more info on the best ways to use OMEN in VALORANT.

https://t.co/WLc1jgggWX",83,50,2,1,ValorantUpdates
360,2020-04-23 18:55:10,1253397018107449344,"Track is ""Panic"" by Stefandr√©.",30,977,17,0,playVALORANT
361,2020-04-23 21:02:02,1253428945736761349,Running into the same service issues with game starts and character select on EU servers as a few days ago. We're investigating.,128,7477,294,-1,playVALORANT
